label,path
triangle,data/triangle/176.png
triangle,data/triangle/88.png
triangle,data/triangle/162.png
triangle,data/triangle/189.png
triangle,data/triangle/77.png
triangle,data/triangle/63.png
triangle,data/triangle/200.png
triangle,data/triangle/19_1712215129.png
triangle,data/triangle/11_1712215129.png
triangle,data/triangle/201.png
triangle,data/triangle/62.png
triangle,data/triangle/188.png
triangle,data/triangle/76.png
triangle,data/triangle/163.png
triangle,data/triangle/177.png
triangle,data/triangle/89.png
triangle,data/triangle/149.png
triangle,data/triangle/161.png
triangle,data/triangle/175.png
triangle,data/triangle/60.png
triangle,data/triangle/74.png
triangle,data/triangle/203.png
triangle,data/triangle/202.png
triangle,data/triangle/16_1712215129.png
triangle,data/triangle/75.png
triangle,data/triangle/61.png
triangle,data/triangle/174.png
triangle,data/triangle/160.png
triangle,data/triangle/148.png
triangle,data/triangle/17_1712215129.png
triangle,data/triangle/164.png
triangle,data/triangle/170.png
triangle,data/triangle/158.png
triangle,data/triangle/65.png
triangle,data/triangle/71.png
triangle,data/triangle/70.png
triangle,data/triangle/64.png
triangle,data/triangle/159.png
triangle,data/triangle/171.png
triangle,data/triangle/165.png
triangle,data/triangle/173.png
triangle,data/triangle/167.png
triangle,data/triangle/99.png
triangle,data/triangle/8.png
triangle,data/triangle/72.png
triangle,data/triangle/198.png
triangle,data/triangle/66.png
triangle,data/triangle/204.png
triangle,data/triangle/199.png
triangle,data/triangle/67.png
triangle,data/triangle/73.png
triangle,data/triangle/9.png
triangle,data/triangle/18_1712215129.png
triangle,data/triangle/166.png
triangle,data/triangle/98.png
triangle,data/triangle/172.png
triangle,data/triangle/129.png
triangle,data/triangle/115.png
triangle,data/triangle/101.png
triangle,data/triangle/12_1712215129.png
triangle,data/triangle/100.png
triangle,data/triangle/114.png
triangle,data/triangle/128.png
triangle,data/triangle/102.png
triangle,data/triangle/116.png
triangle,data/triangle/15_1712215129.png
triangle,data/triangle/117.png
triangle,data/triangle/103.png
triangle,data/triangle/107.png
triangle,data/triangle/113.png
triangle,data/triangle/14_1712215129.png
triangle,data/triangle/112.png
triangle,data/triangle/106.png
triangle,data/triangle/110.png
triangle,data/triangle/104.png
triangle,data/triangle/138.png
triangle,data/triangle/10.png
triangle,data/triangle/139.png
triangle,data/triangle/105.png
triangle,data/triangle/111.png
triangle,data/triangle/13_1712215129.png
triangle,data/triangle/108.png
triangle,data/triangle/134.png
triangle,data/triangle/120.png
triangle,data/triangle/43_1712215129.png
triangle,data/triangle/56_1712215129.png
triangle,data/triangle/121.png
triangle,data/triangle/27_1712215129.png
triangle,data/triangle/32_1712215129.png
triangle,data/triangle/135.png
triangle,data/triangle/109.png
triangle,data/triangle/2_1712215129.png
triangle,data/triangle/28_1712215129.png
triangle,data/triangle/123.png
triangle,data/triangle/137.png
triangle,data/triangle/59_1712215129.png
triangle,data/triangle/51_1712215129.png
triangle,data/triangle/44_1712215129.png
triangle,data/triangle/136.png
triangle,data/triangle/122.png
triangle,data/triangle/35_1712215129.png
triangle,data/triangle/20_1712215129.png
triangle,data/triangle/45_1712215129.png
triangle,data/triangle/50_1712215129.png
triangle,data/triangle/126.png
triangle,data/triangle/132.png
triangle,data/triangle/21_1712215129.png
triangle,data/triangle/34_1712215129.png
triangle,data/triangle/29_1712215129.png
triangle,data/triangle/133.png
triangle,data/triangle/127.png
triangle,data/triangle/58_1712215129.png
triangle,data/triangle/131.png
triangle,data/triangle/125.png
triangle,data/triangle/57_1712215129.png
triangle,data/triangle/42_1712215129.png
triangle,data/triangle/119.png
triangle,data/triangle/33_1712215129.png
triangle,data/triangle/26_1712215129.png
triangle,data/triangle/118.png
triangle,data/triangle/124.png
triangle,data/triangle/130.png
triangle,data/triangle/31_1712215129.png
triangle,data/triangle/24_1712215129.png
triangle,data/triangle/95.png
triangle,data/triangle/81.png
triangle,data/triangle/157.png
triangle,data/triangle/143.png
triangle,data/triangle/4.png
triangle,data/triangle/194.png
triangle,data/triangle/180.png
triangle,data/triangle/55_1712215129.png
triangle,data/triangle/40_1712215129.png
triangle,data/triangle/48_1712215129.png
triangle,data/triangle/181.png
triangle,data/triangle/195.png
triangle,data/triangle/5.png
triangle,data/triangle/142.png
triangle,data/triangle/156.png
triangle,data/triangle/80.png
triangle,data/triangle/94.png
triangle,data/triangle/39_1712215129.png
triangle,data/triangle/82.png
triangle,data/triangle/23_1712215129.png
triangle,data/triangle/36_1712215129.png
triangle,data/triangle/96.png
triangle,data/triangle/168.png
triangle,data/triangle/140.png
triangle,data/triangle/154.png
triangle,data/triangle/7.png
triangle,data/triangle/183.png
triangle,data/triangle/69.png
triangle,data/triangle/197.png
triangle,data/triangle/47_1712215129.png
triangle,data/triangle/52_1712215129.png
triangle,data/triangle/68.png
triangle,data/triangle/196.png
triangle,data/triangle/182.png
triangle,data/triangle/6.png
triangle,data/triangle/155.png
triangle,data/triangle/141.png
triangle,data/triangle/97.png
triangle,data/triangle/169.png
triangle,data/triangle/83.png
triangle,data/triangle/145.png
triangle,data/triangle/151.png
triangle,data/triangle/87.png
triangle,data/triangle/179.png
triangle,data/triangle/93.png
triangle,data/triangle/78.png
triangle,data/triangle/186.png
triangle,data/triangle/192.png
triangle,data/triangle/37_1712215129.png
triangle,data/triangle/22_1712215129.png
triangle,data/triangle/3.png
triangle,data/triangle/193.png
triangle,data/triangle/79.png
triangle,data/triangle/187.png
triangle,data/triangle/92.png
triangle,data/triangle/86.png
triangle,data/triangle/178.png
triangle,data/triangle/150.png
triangle,data/triangle/53_1712215129.png
triangle,data/triangle/46_1712215129.png
triangle,data/triangle/144.png
triangle,data/triangle/49_1712215129.png
triangle,data/triangle/152.png
triangle,data/triangle/146.png
triangle,data/triangle/90.png
triangle,data/triangle/84.png
triangle,data/triangle/191.png
triangle,data/triangle/185.png
triangle,data/triangle/38_1712215129.png
triangle,data/triangle/25_1712215129.png
triangle,data/triangle/30_1712215129.png
triangle,data/triangle/184.png
triangle,data/triangle/190.png
triangle,data/triangle/85.png
triangle,data/triangle/91.png
triangle,data/triangle/147.png
triangle,data/triangle/153.png
triangle,data/triangle/41_1712215129.png
triangle,data/triangle/54_1712215129.png
z,data/z/176.png
z,data/z/88.png
z,data/z/162.png
z,data/z/189.png
z,data/z/77.png
z,data/z/63.png
z,data/z/200.png
z,data/z/214.png
z,data/z/19_1712215129.png
z,data/z/11_1712215129.png
z,data/z/201.png
z,data/z/62.png
z,data/z/188.png
z,data/z/76.png
z,data/z/163.png
z,data/z/177.png
z,data/z/89.png
z,data/z/149.png
z,data/z/161.png
z,data/z/175.png
z,data/z/60.png
z,data/z/74.png
z,data/z/203.png
z,data/z/202.png
z,data/z/16_1712215129.png
z,data/z/75.png
z,data/z/61.png
z,data/z/174.png
z,data/z/160.png
z,data/z/148.png
z,data/z/17_1712215129.png
z,data/z/164.png
z,data/z/170.png
z,data/z/158.png
z,data/z/65.png
z,data/z/71.png
z,data/z/212.png
z,data/z/206.png
z,data/z/207.png
z,data/z/213.png
z,data/z/70.png
z,data/z/64.png
z,data/z/159.png
z,data/z/171.png
z,data/z/165.png
z,data/z/173.png
z,data/z/167.png
z,data/z/99.png
z,data/z/72.png
z,data/z/198.png
z,data/z/66.png
z,data/z/205.png
z,data/z/211.png
z,data/z/210.png
z,data/z/204.png
z,data/z/199.png
z,data/z/67.png
z,data/z/73.png
z,data/z/18_1712215129.png
z,data/z/166.png
z,data/z/98.png
z,data/z/172.png
z,data/z/129.png
z,data/z/115.png
z,data/z/101.png
z,data/z/12_1712215129.png
z,data/z/100.png
z,data/z/114.png
z,data/z/128.png
z,data/z/102.png
z,data/z/116.png
z,data/z/15_1712215129.png
z,data/z/117.png
z,data/z/103.png
z,data/z/107.png
z,data/z/113.png
z,data/z/14_1712215129.png
z,data/z/112.png
z,data/z/106.png
z,data/z/110.png
z,data/z/104.png
z,data/z/138.png
z,data/z/10.png
z,data/z/139.png
z,data/z/105.png
z,data/z/111.png
z,data/z/13_1712215129.png
z,data/z/108.png
z,data/z/134.png
z,data/z/120.png
z,data/z/43_1712215129.png
z,data/z/56_1712215129.png
z,data/z/121.png
z,data/z/27_1712215129.png
z,data/z/32_1712215129.png
z,data/z/135.png
z,data/z/109.png
z,data/z/2_1712215129.png
z,data/z/28_1712215129.png
z,data/z/123.png
z,data/z/137.png
z,data/z/59_1712215129.png
z,data/z/51_1712215129.png
z,data/z/44_1712215129.png
z,data/z/136.png
z,data/z/5_1712215129.png
z,data/z/122.png
z,data/z/35_1712215129.png
z,data/z/20_1712215129.png
z,data/z/45_1712215129.png
z,data/z/50_1712215129.png
z,data/z/126.png
z,data/z/132.png
z,data/z/21_1712215129.png
z,data/z/34_1712215129.png
z,data/z/4_1712215129.png
z,data/z/29_1712215129.png
z,data/z/133.png
z,data/z/127.png
z,data/z/58_1712215129.png
z,data/z/131.png
z,data/z/125.png
z,data/z/57_1712215129.png
z,data/z/42_1712215129.png
z,data/z/119.png
z,data/z/3_1712215129.png
z,data/z/33_1712215129.png
z,data/z/26_1712215129.png
z,data/z/118.png
z,data/z/124.png
z,data/z/130.png
z,data/z/31_1712215129.png
z,data/z/24_1712215129.png
z,data/z/95.png
z,data/z/81.png
z,data/z/157.png
z,data/z/143.png
z,data/z/194.png
z,data/z/180.png
z,data/z/55_1712215129.png
z,data/z/40_1712215129.png
z,data/z/209.png
z,data/z/208.png
z,data/z/48_1712215129.png
z,data/z/181.png
z,data/z/195.png
z,data/z/142.png
z,data/z/156.png
z,data/z/9_1712215129.png
z,data/z/80.png
z,data/z/94.png
z,data/z/39_1712215129.png
z,data/z/6_1712215129.png
z,data/z/82.png
z,data/z/23_1712215129.png
z,data/z/36_1712215129.png
z,data/z/96.png
z,data/z/168.png
z,data/z/140.png
z,data/z/154.png
z,data/z/183.png
z,data/z/69.png
z,data/z/197.png
z,data/z/47_1712215129.png
z,data/z/52_1712215129.png
z,data/z/68.png
z,data/z/196.png
z,data/z/182.png
z,data/z/155.png
z,data/z/141.png
z,data/z/97.png
z,data/z/169.png
z,data/z/83.png
z,data/z/145.png
z,data/z/151.png
z,data/z/87.png
z,data/z/179.png
z,data/z/93.png
z,data/z/78.png
z,data/z/186.png
z,data/z/192.png
z,data/z/37_1712215129.png
z,data/z/22_1712215129.png
z,data/z/7_1712215129.png
z,data/z/193.png
z,data/z/79.png
z,data/z/187.png
z,data/z/92.png
z,data/z/86.png
z,data/z/178.png
z,data/z/150.png
z,data/z/53_1712215129.png
z,data/z/46_1712215129.png
z,data/z/144.png
z,data/z/49_1712215129.png
z,data/z/152.png
z,data/z/146.png
z,data/z/90.png
z,data/z/84.png
z,data/z/191.png
z,data/z/185.png
z,data/z/38_1712215129.png
z,data/z/8_1712215129.png
z,data/z/25_1712215129.png
z,data/z/30_1712215129.png
z,data/z/184.png
z,data/z/190.png
z,data/z/85.png
z,data/z/91.png
z,data/z/147.png
z,data/z/153.png
z,data/z/41_1712215129.png
z,data/z/54_1712215129.png
circle,data/circle/176.png
circle,data/circle/88.png
circle,data/circle/162.png
circle,data/circle/189.png
circle,data/circle/77.png
circle,data/circle/68_1712215129.png
circle,data/circle/97_1712215129.png
circle,data/circle/228.png
circle,data/circle/200.png
circle,data/circle/214.png
circle,data/circle/19_1712215129.png
circle,data/circle/11_1712215129.png
circle,data/circle/215.png
circle,data/circle/201.png
circle,data/circle/229.png
circle,data/circle/60_1712215129.png
circle,data/circle/188.png
circle,data/circle/76.png
circle,data/circle/163.png
circle,data/circle/177.png
circle,data/circle/89.png
circle,data/circle/149.png
circle,data/circle/161.png
circle,data/circle/175.png
circle,data/circle/74.png
circle,data/circle/48.png
circle,data/circle/217.png
circle,data/circle/203.png
circle,data/circle/98_1712215129.png
circle,data/circle/202.png
circle,data/circle/216.png
circle,data/circle/16_1712215129.png
circle,data/circle/49.png
circle,data/circle/75.png
circle,data/circle/174.png
circle,data/circle/160.png
circle,data/circle/148.png
circle,data/circle/67_1712215129.png
circle,data/circle/72_1712215129.png
circle,data/circle/17_1712215129.png
circle,data/circle/164.png
circle,data/circle/170.png
circle,data/circle/158.png
circle,data/circle/99_1712215129.png
circle,data/circle/73_1712215129.png
circle,data/circle/66_1712215129.png
circle,data/circle/212.png
circle,data/circle/206.png
circle,data/circle/207.png
circle,data/circle/213.png
circle,data/circle/159.png
circle,data/circle/171.png
circle,data/circle/165.png
circle,data/circle/173.png
circle,data/circle/167.png
circle,data/circle/198.png
circle,data/circle/205.png
circle,data/circle/211.png
circle,data/circle/239.png
circle,data/circle/61_1712215129.png
circle,data/circle/69_1712215129.png
circle,data/circle/238.png
circle,data/circle/210.png
circle,data/circle/204.png
circle,data/circle/199.png
circle,data/circle/18_1712215129.png
circle,data/circle/166.png
circle,data/circle/172.png
circle,data/circle/96_1712215129.png
circle,data/circle/63_1712215129.png
circle,data/circle/303.png
circle,data/circle/129.png
circle,data/circle/115.png
circle,data/circle/101.png
circle,data/circle/263.png
circle,data/circle/277.png
circle,data/circle/288.png
circle,data/circle/94_1712215129.png
circle,data/circle/289.png
circle,data/circle/276.png
circle,data/circle/262.png
circle,data/circle/100.png
circle,data/circle/114.png
circle,data/circle/128.png
circle,data/circle/302.png
circle,data/circle/300.png
circle,data/circle/102.png
circle,data/circle/116.png
circle,data/circle/71_1712215129.png
circle,data/circle/64_1712215129.png
circle,data/circle/248.png
circle,data/circle/274.png
circle,data/circle/260.png
circle,data/circle/15_1712215129.png
circle,data/circle/261.png
circle,data/circle/275.png
circle,data/circle/249.png
circle,data/circle/117.png
circle,data/circle/103.png
circle,data/circle/301.png
circle,data/circle/107.png
circle,data/circle/113.png
circle,data/circle/12.png
circle,data/circle/271.png
circle,data/circle/265.png
circle,data/circle/259.png
circle,data/circle/65_1712215129.png
circle,data/circle/70_1712215129.png
circle,data/circle/258.png
circle,data/circle/264.png
circle,data/circle/270.png
circle,data/circle/14_1712215129.png
circle,data/circle/112.png
circle,data/circle/106.png
circle,data/circle/110.png
circle,data/circle/104.png
circle,data/circle/138.png
circle,data/circle/95_1712215129.png
circle,data/circle/39.png
circle,data/circle/266.png
circle,data/circle/272.png
circle,data/circle/299.png
circle,data/circle/298.png
circle,data/circle/273.png
circle,data/circle/267.png
circle,data/circle/62_1712215129.png
circle,data/circle/10.png
circle,data/circle/38.png
circle,data/circle/139.png
circle,data/circle/105.png
circle,data/circle/111.png
circle,data/circle/13_1712215129.png
circle,data/circle/108.png
circle,data/circle/134.png
circle,data/circle/120.png
circle,data/circle/35.png
circle,data/circle/242.png
circle,data/circle/256.png
circle,data/circle/281.png
circle,data/circle/295.png
circle,data/circle/294.png
circle,data/circle/280.png
circle,data/circle/43_1712215129.png
circle,data/circle/257.png
circle,data/circle/243.png
circle,data/circle/34.png
circle,data/circle/121.png
circle,data/circle/27_1712215129.png
circle,data/circle/32_1712215129.png
circle,data/circle/135.png
circle,data/circle/109.png
circle,data/circle/28_1712215129.png
circle,data/circle/123.png
circle,data/circle/137.png
circle,data/circle/36.png
circle,data/circle/59_1712215129.png
circle,data/circle/269.png
circle,data/circle/255.png
circle,data/circle/241.png
circle,data/circle/296.png
circle,data/circle/282.png
circle,data/circle/283.png
circle,data/circle/297.png
circle,data/circle/240.png
circle,data/circle/254.png
circle,data/circle/268.png
circle,data/circle/37.png
circle,data/circle/136.png
circle,data/circle/5_1712215129.png
circle,data/circle/122.png
circle,data/circle/20_1712215129.png
circle,data/circle/126.png
circle,data/circle/132.png
circle,data/circle/21_1712215129.png
circle,data/circle/250.png
circle,data/circle/244.png
circle,data/circle/4_1712215129.png
circle,data/circle/278.png
circle,data/circle/293.png
circle,data/circle/287.png
circle,data/circle/286.png
circle,data/circle/292.png
circle,data/circle/279.png
circle,data/circle/245.png
circle,data/circle/251.png
circle,data/circle/29_1712215129.png
circle,data/circle/133.png
circle,data/circle/127.png
circle,data/circle/58_1712215129.png
circle,data/circle/131.png
circle,data/circle/125.png
circle,data/circle/57_1712215129.png
circle,data/circle/119.png
circle,data/circle/3_1712215129.png
circle,data/circle/247.png
circle,data/circle/253.png
circle,data/circle/33_1712215129.png
circle,data/circle/26_1712215129.png
circle,data/circle/284.png
circle,data/circle/290.png
circle,data/circle/291.png
circle,data/circle/285.png
circle,data/circle/252.png
circle,data/circle/246.png
circle,data/circle/118.png
circle,data/circle/124.png
circle,data/circle/130.png
circle,data/circle/31_1712215129.png
circle,data/circle/24_1712215129.png
circle,data/circle/81.png
circle,data/circle/157.png
circle,data/circle/143.png
circle,data/circle/56.png
circle,data/circle/42.png
circle,data/circle/194.png
circle,data/circle/180.png
circle,data/circle/209.png
circle,data/circle/221.png
circle,data/circle/235.png
circle,data/circle/234.png
circle,data/circle/220.png
circle,data/circle/208.png
circle,data/circle/181.png
circle,data/circle/195.png
circle,data/circle/142.png
circle,data/circle/156.png
circle,data/circle/9_1712215129.png
circle,data/circle/80.png
circle,data/circle/6_1712215129.png
circle,data/circle/82.png
circle,data/circle/23_1712215129.png
circle,data/circle/168.png
circle,data/circle/140.png
circle,data/circle/154.png
circle,data/circle/41.png
circle,data/circle/55.png
circle,data/circle/183.png
circle,data/circle/197.png
circle,data/circle/236.png
circle,data/circle/222.png
circle,data/circle/223.png
circle,data/circle/237.png
circle,data/circle/196.png
circle,data/circle/182.png
circle,data/circle/54.png
circle,data/circle/40.png
circle,data/circle/155.png
circle,data/circle/141.png
circle,data/circle/169.png
circle,data/circle/83.png
circle,data/circle/145.png
circle,data/circle/151.png
circle,data/circle/87.png
circle,data/circle/179.png
circle,data/circle/93.png
circle,data/circle/78.png
circle,data/circle/186.png
circle,data/circle/192.png
circle,data/circle/44.png
circle,data/circle/50.png
circle,data/circle/233.png
circle,data/circle/227.png
circle,data/circle/226.png
circle,data/circle/232.png
circle,data/circle/22_1712215129.png
circle,data/circle/7_1712215129.png
circle,data/circle/51.png
circle,data/circle/45.png
circle,data/circle/193.png
circle,data/circle/79.png
circle,data/circle/187.png
circle,data/circle/92.png
circle,data/circle/86.png
circle,data/circle/178.png
circle,data/circle/150.png
circle,data/circle/144.png
circle,data/circle/152.png
circle,data/circle/146.png
circle,data/circle/90.png
circle,data/circle/84.png
circle,data/circle/191.png
circle,data/circle/185.png
circle,data/circle/53.png
circle,data/circle/47.png
circle,data/circle/224.png
circle,data/circle/8_1712215129.png
circle,data/circle/230.png
circle,data/circle/218.png
circle,data/circle/219.png
circle,data/circle/231.png
circle,data/circle/225.png
circle,data/circle/25_1712215129.png
circle,data/circle/30_1712215129.png
circle,data/circle/46.png
circle,data/circle/52.png
circle,data/circle/184.png
circle,data/circle/190.png
circle,data/circle/85.png
circle,data/circle/91.png
circle,data/circle/147.png
circle,data/circle/153.png
